,R_squared,mean_abs_error
0,0.41408920801991,13.347577749138804
